{
  "best_incremental_snn": {
    "step_low_speed_500rpm_2A": 0.5756404203163444,
    "step_mid_speed_1500rpm_2A": 0.7248674306077915,
    "step_high_speed_2500rpm_2A": 0.8960100188614079
  },
  "intermediate_scheduled_sampling": {
    "step_low_speed_500rpm_2A": 0.8947456056864956,
    "step_mid_speed_1500rpm_2A": 0.7988976219076126,
    "step_high_speed_2500rpm_2A": 0.6280504512634881
  },
  "poor_no_tanh": {
    "step_low_speed_500rpm_2A": 0.9424935131481883,
    "step_mid_speed_1500rpm_2A": 3.860793334607076,
    "step_high_speed_2500rpm_2A": 1.948783323671049
  }
}