{
  "controller_name": "PI-baseline",
  "config": {
    "tau": 0.0001,
    "use_dead_time": false,
    "noise_current_std": 0.0,
    "noise_speed_std": 0.0
  },
  "aggregate": {
    "worst_max_error_iq": 3.999999978858173,
    "num_safety_violations": 0,
    "num_scenarios": 2
  },
  "scenarios": [
    {
      "name": "step_mid_speed_1500rpm_2A",
      "description": "Step response at nominal speed (1500 RPM, 0->2A i_q) - primary reference",
      "metrics": {
        "steps": 3000,
        "mae_i_q": 0.007717558236942155,
        "mae_i_d": 0.0014976695107955715,
        "itae_i_q": 5.396583155812556e-06,
        "itae_i_d": 6.639184270804094e-07,
        "max_error_i_q": 2.3509432913575754,
        "max_error_i_d": 0.6931812813664949,
        "settling_time_i_q": 0.007900000000000008,
        "overshoot": 117.54716456787877,
        "rms_i_q": 3.058312406899512e-07,
        "rms_i_d": 3.664148247205469e-07,
        "mean_latency_ms": 0.0,
        "p95_latency_ms": 0.0,
        "p99_latency_ms": 0.0,
        "max_latency_ms": 0.0,
        "jitter_ms": 0.0,
        "total_inference_time_s": 0.0,
        "chip_mean_us": 0.0,
        "chip_median_us": 0.0,
        "chip_p95_us": 0.0,
        "chip_p99_us": 0.0,
        "chip_max_us": 0.0,
        "chip_min_us": 0.0,
        "total_spikes": 0.0,
        "spikes_per_step": 0.0,
        "total_syops": 0.0,
        "syops_per_step": 0.0,
        "mean_sparsity": 0.0,
        "min_sparsity": 0.0,
        "max_sparsity": 0.0
      },
      "safety_terminated": false,
      "violation_reason": null
    },
    {
      "name": "multi_step_bidirectional_1500rpm",
      "description": "Multi-step bidirectional tracking (1500 RPM, \u00b12A i_q, 4 steps)",
      "metrics": {
        "steps": 10000,
        "mae_i_q": 0.0052281598704697835,
        "mae_i_d": 0.002950385479906015,
        "itae_i_q": 5.34395511815756e-06,
        "itae_i_d": 4.21798809256952e-07,
        "max_error_i_q": 3.999999978858173,
        "max_error_i_d": 1.0120758981759317,
        "settling_time_i_q": 0.10060000000000185,
        "overshoot": 118.20832166612037,
        "rms_i_q": 0.09080949321289739,
        "rms_i_d": 0.030417307878761648,
        "mean_latency_ms": 0.0,
        "p95_latency_ms": 0.0,
        "p99_latency_ms": 0.0,
        "max_latency_ms": 0.0,
        "jitter_ms": 0.0,
        "total_inference_time_s": 0.0,
        "chip_mean_us": 0.0,
        "chip_median_us": 0.0,
        "chip_p95_us": 0.0,
        "chip_p99_us": 0.0,
        "chip_max_us": 0.0,
        "chip_min_us": 0.0,
        "total_spikes": 0.0,
        "spikes_per_step": 0.0,
        "total_syops": 0.0,
        "syops_per_step": 0.0,
        "mean_sparsity": 0.0,
        "min_sparsity": 0.0,
        "max_sparsity": 0.0
      },
      "safety_terminated": false,
      "violation_reason": null
    }
  ]
}