{
  "timing": [
    {
      "name": "PI-baseline",
      "wall_time_s": 6.210429799975827
    },
    {
      "name": "best_incremental_snn",
      "wall_time_s": 700.394729499938,
      "total_steps": 34000,
      "time_per_step_us": 20599.844985292293,
      "num_scenarios": 6
    },
    {
      "name": "intermediate_scheduled_sampling",
      "wall_time_s": 706.0016674000071,
      "total_steps": 34000,
      "time_per_step_us": 20764.75492352962,
      "num_scenarios": 6
    },
    {
      "name": "poor_no_tanh",
      "wall_time_s": 695.2102939999895,
      "total_steps": 34000,
      "time_per_step_us": 20447.361588234984,
      "num_scenarios": 6
    }
  ],
  "total_wall_s": 2107.8171206999104,
  "feasible": true
}