{
  "timing": [
    {
      "name": "PI-baseline",
      "wall_time_s": 7.059447100036778
    },
    {
      "name": "best_incremental_snn",
      "wall_time_s": 700.2446872000583,
      "total_steps": 34000,
      "time_per_step_us": 20595.431976472304,
      "num_scenarios": 6
    },
    {
      "name": "intermediate_scheduled_sampling",
      "wall_time_s": 658.421577299945,
      "total_steps": 34000,
      "time_per_step_us": 19365.340508821915,
      "num_scenarios": 6
    },
    {
      "name": "poor_no_tanh",
      "wall_time_s": 627.4478236000286,
      "total_steps": 34000,
      "time_per_step_us": 18454.347752942016,
      "num_scenarios": 6
    }
  ],
  "total_wall_s": 1993.1735352000687,
  "feasible": true
}