{
  "controller_name": "akida_tdhil",
  "config": {
    "tau": 0.0001,
    "use_dead_time": false,
    "noise_current_std": 0.0,
    "noise_speed_std": 0.0
  },
  "aggregate": {
    "worst_max_error_iq": 4.784524312760503,
    "num_safety_violations": 0,
    "num_scenarios": 2
  },
  "scenarios": [
    {
      "name": "step_mid_speed_1500rpm_2A",
      "description": "Step response at nominal speed (1500 RPM, 0->2A i_q) - primary reference",
      "metrics": {
        "steps": 3000,
        "mae_i_q": 0.6827878471644517,
        "mae_i_d": 1.052378599706889,
        "itae_i_q": 0.0008496361494639502,
        "itae_i_d": 0.0013188103441204315,
        "max_error_i_q": 2.1864688777112975,
        "max_error_i_d": 1.1156612721894295,
        "settling_time_i_q": Infinity,
        "overshoot": 60.664367795277215,
        "rms_i_q": 0.6823576189772403,
        "rms_i_d": 1.0579078139623073,
        "mean_latency_ms": 3.3389579994448773,
        "p95_latency_ms": 4.998714989051222,
        "p99_latency_ms": 6.56079600797964,
        "max_latency_ms": 215.25510004721582,
        "jitter_ms": 3.9974235114529253,
        "total_inference_time_s": 10.016873998334631,
        "chip_mean_us": 387.91682791391696,
        "chip_median_us": 381.9199919234961,
        "chip_p95_us": 435.84585509961465,
        "chip_p99_us": 478.9958073524757,
        "chip_max_us": 634.6380105242133,
        "chip_min_us": 0.0,
        "total_spikes": 0.0,
        "spikes_per_step": 0.0,
        "total_syops": 0.0,
        "syops_per_step": 0.0,
        "mean_sparsity": 0.0,
        "min_sparsity": 0.0,
        "max_sparsity": 0.0
      },
      "safety_terminated": false,
      "violation_reason": null
    },
    {
      "name": "multi_step_bidirectional_1500rpm",
      "description": "Multi-step bidirectional tracking (1500 RPM, \u00b12A i_q, 4 steps)",
      "metrics": {
        "steps": 10000,
        "mae_i_q": 1.0307329631621083,
        "mae_i_d": 0.6273257867895253,
        "itae_i_q": 0.0016951162786216186,
        "itae_i_d": 0.00019633096467882858,
        "max_error_i_q": 4.784524312760503,
        "max_error_i_d": 1.2548431668495996,
        "settling_time_i_q": Infinity,
        "overshoot": 72.20965600565539,
        "rms_i_q": 1.14928788193252,
        "rms_i_d": 0.7859974696518949,
        "mean_latency_ms": 4.503862430423032,
        "p95_latency_ms": 5.260090006049721,
        "p99_latency_ms": 24.08317398279918,
        "max_latency_ms": 1176.3669999781996,
        "jitter_ms": 23.11285434899749,
        "total_inference_time_s": 45.038624304230325,
        "chip_mean_us": 382.46280497696716,
        "chip_median_us": 377.9840044444427,
        "chip_p95_us": 436.5318614873103,
        "chip_p99_us": 519.7605595458301,
        "chip_max_us": 702.3580255918205,
        "chip_min_us": 0.0,
        "total_spikes": 0.0,
        "spikes_per_step": 0.0,
        "total_syops": 0.0,
        "syops_per_step": 0.0,
        "mean_sparsity": 0.0,
        "min_sparsity": 0.0,
        "max_sparsity": 0.0
      },
      "safety_terminated": false,
      "violation_reason": null
    }
  ]
}