{
  "controller_name": "akida_tdhil",
  "config": {
    "tau": 0.0001,
    "use_dead_time": false,
    "noise_current_std": 0.0,
    "noise_speed_std": 0.0
  },
  "aggregate": {
    "worst_max_error_iq": 4.784524312760503,
    "num_safety_violations": 0,
    "num_scenarios": 6
  },
  "scenarios": [
    {
      "name": "step_low_speed_500rpm_2A",
      "description": "Step response at low speed (500 RPM, 0->2A i_q)",
      "metrics": {
        "steps": 3000,
        "mae_i_q": 1.501358382826768,
        "mae_i_d": 0.15418084364362616,
        "itae_i_q": 0.0018738961724960822,
        "itae_i_d": 0.00019239335848164244,
        "max_error_i_q": 2.38630392103897,
        "max_error_i_d": 0.42033604190524476,
        "settling_time_i_q": Infinity,
        "overshoot": 70.07840266517083,
        "rms_i_q": 1.6056924582175407,
        "rms_i_d": 0.1912730631594678,
        "mean_latency_ms": 22.982031333997533,
        "p95_latency_ms": 56.71025501796974,
        "p99_latency_ms": 124.16072806925459,
        "max_latency_ms": 920.5698999576271,
        "jitter_ms": 35.69763835253944,
        "total_inference_time_s": 68.9460940019926,
        "chip_mean_us": 474.47187081949477,
        "chip_median_us": 467.9830017266795,
        "chip_p95_us": 586.1948855454102,
        "chip_p99_us": 620.290344813838,
        "chip_max_us": 788.6349922046065,
        "chip_min_us": 0.0,
        "total_spikes": 0.0,
        "spikes_per_step": 0.0,
        "total_syops": 0.0,
        "syops_per_step": 0.0,
        "mean_sparsity": 0.0,
        "min_sparsity": 0.0,
        "max_sparsity": 0.0
      },
      "safety_terminated": false,
      "violation_reason": null
    },
    {
      "name": "step_mid_speed_1500rpm_2A",
      "description": "Step response at nominal speed (1500 RPM, 0->2A i_q) - primary reference",
      "metrics": {
        "steps": 3000,
        "mae_i_q": 0.6827878471644517,
        "mae_i_d": 1.052378599706889,
        "itae_i_q": 0.0008496361494639502,
        "itae_i_d": 0.0013188103441204315,
        "max_error_i_q": 2.1864688777112975,
        "max_error_i_d": 1.1156612721894295,
        "settling_time_i_q": Infinity,
        "overshoot": 60.664367795277215,
        "rms_i_q": 0.6823576189772403,
        "rms_i_d": 1.0579078139623073,
        "mean_latency_ms": 5.236452667236638,
        "p95_latency_ms": 11.857834912370858,
        "p99_latency_ms": 17.63068300671871,
        "max_latency_ms": 216.4633999345824,
        "jitter_ms": 7.257943824139127,
        "total_inference_time_s": 15.709358001709916,
        "chip_mean_us": 415.19548765306047,
        "chip_median_us": 404.4564993819222,
        "chip_p95_us": 493.6668701702728,
        "chip_p99_us": 548.7038352293887,
        "chip_max_us": 1007.7429469674826,
        "chip_min_us": 0.0,
        "total_spikes": 0.0,
        "spikes_per_step": 0.0,
        "total_syops": 0.0,
        "syops_per_step": 0.0,
        "mean_sparsity": 0.0,
        "min_sparsity": 0.0,
        "max_sparsity": 0.0
      },
      "safety_terminated": false,
      "violation_reason": null
    },
    {
      "name": "step_high_speed_2500rpm_2A",
      "description": "Step response at high speed (2500 RPM, 0->2A i_q)",
      "metrics": {
        "steps": 3000,
        "mae_i_q": 1.5933124384566713,
        "mae_i_d": 0.7895319069032432,
        "itae_i_q": 0.001990728780241475,
        "itae_i_d": 0.000994666696669166,
        "max_error_i_q": 2.4539088745101565,
        "max_error_i_d": 1.2406941285685253,
        "settling_time_i_q": Infinity,
        "overshoot": 89.07349108046915,
        "rms_i_q": 1.629453494608571,
        "rms_i_d": 0.8372973546904157,
        "mean_latency_ms": 7.29630440089386,
        "p95_latency_ms": 14.520425081718711,
        "p99_latency_ms": 55.80987802124574,
        "max_latency_ms": 551.3677000999451,
        "jitter_ms": 20.961647844189066,
        "total_inference_time_s": 21.88891320268158,
        "chip_mean_us": 422.4918465479277,
        "chip_median_us": 410.308493883349,
        "chip_p95_us": 512.7500538947061,
        "chip_p99_us": 576.7692759400229,
        "chip_max_us": 696.6370274312794,
        "chip_min_us": 0.0,
        "total_spikes": 0.0,
        "spikes_per_step": 0.0,
        "total_syops": 0.0,
        "syops_per_step": 0.0,
        "mean_sparsity": 0.0,
        "min_sparsity": 0.0,
        "max_sparsity": 0.0
      },
      "safety_terminated": false,
      "violation_reason": null
    },
    {
      "name": "multi_step_bidirectional_1500rpm",
      "description": "Multi-step bidirectional tracking (1500 RPM, \u00b12A i_q, 4 steps)",
      "metrics": {
        "steps": 10000,
        "mae_i_q": 1.0307329631621083,
        "mae_i_d": 0.6273257867895253,
        "itae_i_q": 0.0016951162786216186,
        "itae_i_d": 0.00019633096467882858,
        "max_error_i_q": 4.784524312760503,
        "max_error_i_d": 1.2548431668495996,
        "settling_time_i_q": Infinity,
        "overshoot": 72.20965600565539,
        "rms_i_q": 1.14928788193252,
        "rms_i_d": 0.7859974696518949,
        "mean_latency_ms": 7.5967403495800685,
        "p95_latency_ms": 28.83593000005929,
        "p99_latency_ms": 48.99465994210919,
        "max_latency_ms": 2366.0181000595912,
        "jitter_ms": 28.838299245883945,
        "total_inference_time_s": 75.96740349580068,
        "chip_mean_us": 410.2318005345296,
        "chip_median_us": 397.2249978687614,
        "chip_p95_us": 532.7699647750704,
        "chip_p99_us": 580.5116682313384,
        "chip_max_us": 947.7090206928551,
        "chip_min_us": 0.0,
        "total_spikes": 0.0,
        "spikes_per_step": 0.0,
        "total_syops": 0.0,
        "syops_per_step": 0.0,
        "mean_sparsity": 0.0,
        "min_sparsity": 0.0,
        "max_sparsity": 0.0
      },
      "safety_terminated": false,
      "violation_reason": null
    },
    {
      "name": "four_quadrant_transition_1500rpm",
      "description": "Four-quadrant transition with zero-crossing (1500 RPM, +2A -> -2A -> 0)",
      "metrics": {
        "steps": 9000,
        "mae_i_q": 1.188228912012494,
        "mae_i_d": 0.4724298391745625,
        "itae_i_q": 0.0016951162786216186,
        "itae_i_d": 0.00019633096467882858,
        "max_error_i_q": 3.3176424215622067,
        "max_error_i_d": 1.2548431668495996,
        "settling_time_i_q": Infinity,
        "overshoot": 14.159117826292844,
        "rms_i_q": 1.3129015274438711,
        "rms_i_d": 0.6544652954226872,
        "mean_latency_ms": 5.840299600398995,
        "p95_latency_ms": 10.260205005761229,
        "p99_latency_ms": 32.6952780596912,
        "max_latency_ms": 1634.7672999836504,
        "jitter_ms": 29.83606068355949,
        "total_inference_time_s": 52.56269640359096,
        "chip_mean_us": 401.86599611964385,
        "chip_median_us": 398.2994967373088,
        "chip_p95_us": 478.90699352137705,
        "chip_p99_us": 554.2383348802106,
        "chip_max_us": 660.7869872823358,
        "chip_min_us": 0.0,
        "total_spikes": 0.0,
        "spikes_per_step": 0.0,
        "total_syops": 0.0,
        "syops_per_step": 0.0,
        "mean_sparsity": 0.0,
        "min_sparsity": 0.0,
        "max_sparsity": 0.0
      },
      "safety_terminated": false,
      "violation_reason": null
    },
    {
      "name": "field_weakening_2500rpm",
      "description": "Field-weakening operation (2500 RPM, i_d=-2A, i_q=0->2A)",
      "metrics": {
        "steps": 6000,
        "mae_i_q": 1.0364988137808206,
        "mae_i_d": 1.063411701900786,
        "itae_i_q": 0.0017204565599319055,
        "itae_i_d": 0.00043785877793149814,
        "max_error_i_q": 2.4820423357246684,
        "max_error_i_d": 3.5939335416220715,
        "settling_time_i_q": Infinity,
        "overshoot": 108.8923425098089,
        "rms_i_q": 1.1973589913282088,
        "rms_i_d": 1.4170652336769916,
        "mean_latency_ms": 10.1774633511086,
        "p95_latency_ms": 36.58367496682332,
        "p99_latency_ms": 59.007662946824,