{
  "PI-baseline": {
    "step_low_speed_500rpm_2A": 0.003529246950229549,
    "step_mid_speed_1500rpm_2A": 0.007717558236942155,
    "step_high_speed_2500rpm_2A": 0.011988277236277227,
    "multi_step_bidirectional_1500rpm": 0.0052281598704697835,
    "four_quadrant_transition_1500rpm": 0.004269376169523703,
    "field_weakening_2500rpm": 0.007161175006653699
  },
  "best_incremental_snn": {
    "step_low_speed_500rpm_2A": 0.9450437901705333,
    "step_mid_speed_1500rpm_2A": 0.7844242774736607,
    "step_high_speed_2500rpm_2A": 1.2211324537070027,
    "multi_step_bidirectional_1500rpm": 0.8476445811634601,
    "four_quadrant_transition_1500rpm": 0.8560756491275684,
    "field_weakening_2500rpm": 1.1182551488373962
  },
  "intermediate_scheduled_sampling": {
    "step_low_speed_500rpm_2A": 2.2487196164964343,
    "step_mid_speed_1500rpm_2A": 2.438552450256032,
    "step_high_speed_2500rpm_2A": 2.4486037552067765,
    "multi_step_bidirectional_1500rpm": 2.3895654180151102,
    "four_quadrant_transition_1500rpm": 2.3575538318945513,
    "field_weakening_2500rpm": 2.2944534395476133
  },
  "poor_no_tanh": {
    "step_low_speed_500rpm_2A": 1.7802142606314104,
    "step_mid_speed_1500rpm_2A": 2.4057180619362115,
    "step_high_speed_2500rpm_2A": 2.838839595496247,
    "multi_step_bidirectional_1500rpm": 2.688771123857612,
    "four_quadrant_transition_1500rpm": 2.747055440620045,
    "field_weakening_2500rpm": 2.862445419334234
  }
}